,peptide,amp,tox,instability_index,aliphatic_index,hydrophobic_ratio,H,uH,charge
2,L V L T L I,0.8201106,0.0017686168,8.333333333333334,308.33333333333326,0.8333333333333334,0.9583333333333334,0.3979477720793563,0.996
4,L V L T L T P D K L A S A F G K,0.8161184,0.062174607,-11.25625,128.125,0.5,0.2725000000000001,0.2489880430337256,1.996
5,L V L F L,0.81234205,0.00020477813,8.0,292.0,1.0,1.12,0.274051614910768,0.996
8,L F V G A A A E L T,0.89122933,0.011712957,-7.98,137.0,0.7,0.605,0.2095163741873681,-0.003
10,L M C A R G K H G Y D C Q C N N,0.8310941,0.09899802,-7.650000000000002,30.625,0.375,-0.20375,0.1122771543338572,1.892
11,L Y R M G M A A I A V F N L,0.89967763,0.047677513,6.021428571428571,125.71428571428572,0.7142857142857143,0.4642857142857143,0.3118406236289369,1.995
13,K E T K V W G A A F K G V L S N S G I L E Y D N Y C T N S R G C R,0.9147607,0.004866228,13.309090909090909,59.090909090909086,0.303030303030303,-0.0845454545454545,0.2129907968284139,2.862
14,K C P K L T P D K L A S A F G K I L F A S L S Y I R L A L A A A L F P,0.8658865,0.057597287,11.94,120.28571428571428,0.5714285714285714,0.2811428571428571,0.2265461903251435,4.927
15,K C P T V W G V V G E G V L S N S G I L E Y D N Y C T N S R G C R,0.9143735,0.010967405,26.560606060606062,70.6060606060606,0.303030303030303,0.026060606060606,0.1552756802485302,0.795
16,K C P T W Q P S K G L A D G R G F T I V Y I R L A L A A A L F P,0.9720285,0.04514597,16.096874999999997,97.8125,0.46875,0.2165625,0.1255799290174031,3.928
17,K C P T W Q P S K G L A D G R G F R I F T I V Y I R L A L A A A L F P,0.9753348,0.05643812,15.574285714285711,100.57142857142856,0.4857142857142857,0.2008571428571429,0.1090729640309723,4.928
19,K Y C Q L W G R T,0.8081096,0.048955858,15.300000000000002,43.33333333333333,0.2222222222222222,-0.2177777777777777,0.584090135198889,2.927
29,A A A L L,0.8110908,0.0001529199,8.0,216.0,1.0,0.812,0.2662390896752605,0.996
30,A A I P M G M F F A L Y E L,0.89828736,0.061950065,-3.5428571428571427,105.0,0.7142857142857143,0.6614285714285714,0.1001527325380417,-0.004
38,A V N V A A E N A L S F H D L E T W A R E D N Y Y N E S G S,0.80691534,0.004944869,16.6,62.0,0.3333333333333333,-0.0286666666666666,0.094424619034322,-3.9
39,A V N V A A E N A L S F H D L E T W A R E D N W V Y Y N E S G S,0.85625684,0.010920113,7.937500000000002,67.1875,0.34375,0.0328124999999999,0.092071784205869,-3.9
40,A I P L L E L L A Q Q,0.8793073,0.041814383,23.981818181818184,195.45454545454547,0.6363636363636364,0.4290909090909092,0.3266731703276971,-0.003
41,A I P L L K A E L L A Q Q,0.8652599,0.062606156,15.3,173.07692307692307,0.6153846153846154,0.2953846153846154,0.0727837590861975,0.997
42,A I P K L T P D K L A L L F,0.9469714,0.034771077,-16.35,153.57142857142853,0.5714285714285714,0.3235714285714285,0.2116150146654984,1.996
43,A I P K L T P D K L P F E A L L F,0.8319802,0.09493766,10.958823529411768,126.47058823529412,0.5294117647058824,0.3005882352941176,0.1192249013713817,0.997
45,A N F H L G G G F N L L,0.8407747,0.08111406,17.208333333333332,105.83333333333331,0.5,0.4833333333333332,0.1940152961535834,1.095
48,A M K K L G Q F I I S K T G E T T G A H R R,0.9322699,0.051808886,9.431818181818178,62.27272727272727,0.3181818181818182,-0.1545454545454545,0.3265659054004443,5.095
49,A M K K L T P D K L A L L F A K A L S P R L,0.8108723,0.02929416,11.086363636363632,124.54545454545452,0.5454545454545454,0.0695454545454545,0.0608895926504211,4.995
50,A M K K L T P D K L A A L L F A K A L K,0.8415134,0.08743683,-11.250000000000004,122.5,0.6,0.1055,0.1592510805707293,4.995
51,A M K K L T P D K L A G K I L F A S L S G F P A L L N,0.85490733,0.07708799,12.51481481481481,115.92592592592592,0.5185185185185185,0.2455555555555555,0.1393055786784224,3.996
52,A M K K L T P D K L A L,0.87202406,0.031804487,-18.341666666666672,114.16666666666666,0.5,-0.0124999999999999,0.1546831927892298,2.996
53,A M K K L T P D K L A S A L L F A G L D D Q A G F E,0.86613864,0.09999036,-3.0807692307692327,94.23076923076924,0.5,0.1423076923076923,0.044751902907562,-0.002
54,A M K K L T P D K L A S A F G,0.8148807,0.069944955,-12.673333333333336,72.0,0.4666666666666667,0.058,0.0867892790428743,2.996
55,A M K K L T P D K L A S A F G K,0.8046317,0.065737724,-16.562500000000004,67.5,0.4375,-0.0393749999999999,0.1253239842914208,3.996
58,A M K K L T P D K L A S A F G K I L F A S A A Y N,0.9165742,0.09634055,-2.6920000000000037,86.4,0.52,0.1692,0.0465461645819605,3.995
60,A M K K L T P D K L A S A F G K I L F A S L S G F P F D,0.8576512,0.060586575,16.832142857142856,83.92857142857142,0.5,0.2332142857142857,0.069149213981677,2.996
61,A M K K L T P D K L A S A F G K I L F A S L S G F P F D I C K,0.851044,0.04000219,16.17096774193548,88.38709677419354,0.5161290322580645,0.216774193548387,0.1240249680812662,3.928
63,A M K K L T P D K L A S A F G K I L F A I G A M T P F D,0.859232,0.06468226,5.8928571428571415,87.49999999999999,0.5357142857142857,0.2571428571428571,0.0783046079433368,2.996
64,A M K K L T P D K L A S A H E T T G A M R R,0.9250097,0.04543122,5.572727272727269,53.63636363636364,0.3636363636363636,-0.2413636363636363,0.2546568675949972,4.096
65,A M K K L T P D K L A V L L L F A G N A Y N,0.81079173,0.010142559,-9.318181818181822,120.0,0.5454545454545454,0.2168181818181817,0.1523287057708531,2.995
66,A M K K L T P D F N L L,0.84055054,0.06572493,-10.475,105.83333333333331,0.5,0.0958333333333333,0.4222621152314029,1.996
67,A M K K M G M F F A L S Y E L,0.84167266,0.042002175,26.04,65.33333333333333,0.6,0.3053333333333333,0.2485114038443404,1.996
68,A M K G Y G L A A F K F Q C G A I L V A S I Y L K P P S Y C F I T M D,0.84267354,0.01867015,5.491428571428573,89.42857142857142,0.5428571428571428,0.3702857142857142,0.13000360997386,2.858
69,A M K A D L V A M K,0.829136,0.042153753,0.5099999999999998,98.0,0.7,0.144,0.2348635516512325,1.996
70,A M K A D L V A G I F H L M K,0.81768495,0.022929318,-1.9866666666666668,117.33333333333331,0.6666666666666666,0.348,0.1969008232787406,2.095
71,A M K M M G M F F A L S Y E L,0.83997864,0.04071131,24.12,65.33333333333333,0.6666666666666666,0.4479999999999999,0.2717104163745743,0.996
74,A M C A M G M F F A L S Y E L,0.84123975,0.030597348,4.306666666666667,72.0,0.7333333333333333,0.5660000000000001,0.1584345443696978,-0.071
76,S A I T L G I F S A T I Q I N,0.8002151,0.021448161,3.673333333333333,143.33333333333334,0.5333333333333333,0.502,0.1194058596927179,0.996
77,S N A T Y G L A A F K V I L V L V Y L P F E P Y C F I T M D,0.84593195,0.0023130677,22.16333333333333,117.0,0.5666666666666667,0.4729999999999999,0.1039034805248078,-0.072
78,S N F A W C A K F N L L,0.8519709,0.051145803,-3.358333333333333,81.66666666666666,0.5833333333333334,0.3083333333333334,0.0465362517196642,1.928
79,S N F A W C A K F N L L V P Y,0.8161349,0.022767456,12.153333333333336,84.66666666666666,0.5333333333333333,0.3453333333333334,0.0293147204003631,1.927
80,S N F A W D A K F N L L V P Y,0.8208396,0.023705259,12.153333333333336,84.66666666666666,0.4666666666666667,0.266,0.0527361520712302,0.995
81,S N F E P M A A I P L V L L L,0.95505464,0.03836841,13.433333333333334,162.66666666666666,0.6666666666666666,0.568,0.0700130821828267,-0.003
82,S N F H L G G G F N L L,0.85832137,0.049255848,17.208333333333332,97.5,0.4166666666666667,0.4166666666666667,0.1274060448981951,1.095
83,S N F H L G G G F N L L V,0.9032392,0.058010038,16.653846153846153,112.3076923076923,0.4615384615384615,0.4692307692307692,0.1092481989005959,1.095
84,S N F H L G G G F N L L V P Y,0.80953646,0.027593829,28.606666666666666,97.33333333333331,0.4,0.432,0.0892965132704978,1.094
89,V I F G L S G A A F K,0.8386142,0.052564822,-12.29090909090909,115.45454545454548,0.6363636363636364,0.5927272727272727,0.236793390478966,1.996
90,V I F G T G K W A L K L F,0.9256536,0.040652562,-34.98461538461539,120.0,0.5384615384615384,0.4953846153846154,0.4123339422413545,2.995
91,V I F G T G K W D R L S D L F A K A L K L F F I L S K K L R,0.80457634,0.06707556,3.0133333333333336,120.33333333333331,0.5,0.1199999999999999,0.3255300577631262,5.996
92,V I F G T G K W K G L A D,0.8736463,0.09068924,-23.423076923076927,90.0,0.3846153846153846,0.2861538461538461,0.1549260236512565,1.996
93,V I C A M G M F F A L S Y E L,0.8574001,0.036175646,4.306666666666667,110.66666666666666,0.7333333333333333,0.6486666666666666,0.1843550861033583,-0.071
95,V I C E L S G G N A L Y E L,0.8797566,0.058711525,6.65,139.28571428571428,0.5,0.392142857142857,0.0948942388664844,-1.07
96,V I C E M G M F F A L Y E L,0.9245867,0.028693885,3.9,111.42857142857142,0.7142857142857143,0.6107142857142857,0.061828964034376,-1.07
97,V I C E M G M F F A L S Y E L,0.86338073,0.04055401,4.306666666666667,104.0,0.6666666666666666,0.5579999999999999,0.1770137304357764,-1.07
98,V I C E M G M F F A L S Y E L W,0.8277138,0.034748916,19.4625,97.5,0.625,0.57375,0.2142205086321444,-1.07
101,V C A L F L,0.81776094,0.0051252437,8.333333333333334,194.99999999999997,1.0,0.9016666666666668,0.2078482906200089,0.928
102,V Y R M G M A A I A V F N L,0.9158436,0.032273117,0.6357142857142861,118.57142857142856,0.7142857142857143,0.4642857142857143,0.3118406236289369,1.995
103,V Y R M G M A A I Q V F N L,0.86034507,0.048876286,-4.749999999999999,111.42857142857142,0.6428571428571429,0.3592857142857144,0.4167949077986334,1.995
104,I I K K L T P D K L A S A F G K I L F A S L S G F P F D I C K Y G R F,0.82741576,0.01581958,10.614285714285714,97.71428571428572,0.4857142857142857,0.22,0.1601788455969802,4.927
105,I I K G N I T T L L A S A F G K I L F A S L Y C F I T M D,0.8866069,0.0064612245,16.810344827586206,131.3793103448276,0.5862068965517241,0.476551724137931,0.0502938044945155,1.928
107,I I F G Y G L A A I F H L,0.9101038,0.054023866,-3.830769230769232,165.3846153846154,0.6923076923076923,0.8353846153846152,0.144585753223448,1.094
108,I I F G Y G L A A F K L K P P S Y C F I T M D,0.83522815,0.014969612,1.734782608695653,93.47826086956522,0.5217391304347826,0.4243478260869565,0.0491603575793064,1.927
109,I I F G Y G L A A F K V I L V L V Y L P F,0.81576806,0.06490167,14.161904761904765,180.9523809523809,0.7142857142857143,0.8019047619047617,0.1549498804062116,1.994
110,I I F G Y G L A A F K V I L V L V Y L P F E P Y C F I,0.81896406,0.061449394,20.37037037037037,155.18518518518516,0.6666666666666666,0.7174074074074073,0.1690748758598438,0.927
111,I I F G Y G L A A F K V I L V L V Y L P F E P Y C F I T M D,0.89564896,0.008604285,19.333333333333336,139.66666666666666,0.6333333333333333,0.6353333333333333,0.1278334442229073,-0.072
112,I I F G Y G L A A F K V I L V L V Y L P F E P L K P P S Y C F I T M D,0.89627665,0.008664772,24.425714285714285,130.85714285714286,0.5714285714285714,0.5348571428571429,0.1776948528327359,0.927
113,I I F G Y G L A A F K V I L V F A G L F E L N L L F I D P K L F Q D,0.8303726,0.045639366,6.626470588235295,152.05882352941177,0.6470588235294118,0.5650000000000001,0.1130453636772139,-0.003
114,I I F G Y G L A A F K F Q C G A I L V A S I Y L K P P S Y C F I T M D,0.9212305,0.027776668,7.917142857142858,108.85714285714285,0.5714285714285714,0.4914285714285714,0.0947306566600484,1.858
115,I I F A D L V A M K,0.8410221,0.036783587,0.5099999999999998,166.0,0.8,0.5679999999999998,0.0451638645420685,0.996
116,I I P L L S G G I A V F N L,0.85873026,0.082034945,9.97857142857143,195.0,0.6428571428571429,0.7528571428571428,0.2347701023089602,0.996
117,I C G G Y T P D K L A S A F G K I L F A S L S G F P F D I C K Y,0.8952272,0.06467365,17.181250000000002,82.5,0.46875,0.3290625,0.2300669467245382,1.86
118,I C G G Y T P D K L A S A F G K I L F A S L S G F P F D I C K Y G R,0.90812445,0.010330897,14.261764705882356,77.64705882352942,0.4411764705882353,0.2502941176470589,0.2926850289643888,2.86
121,F I L K L L,0.8260911,0.0018766222,12.133333333333336,259.99999999999994,0.8333333333333334,0.7333333333333334,0.6344249801985348,1.996
124,F I A T Y G L A A F K,0.8499657,0.04366912,-12.29090909090909,98.1818181818182,0.6363636363636364,0.5409090909090909,0.2587947393301734,1.995
126,F M D E P M A A I A V F N L,0.8904902,0.05276369,26.47142857142857,97.85714285714285,0.7142857142857143,0.4885714285714285,0.145140812769493,-1.002
127,F M D E P M A A I P L V L L L,0.94756466,0.04828581,23.453333333333337,162.66666666666666,0.7333333333333333,0.6146666666666666,0.1806075924280322,-1.002
128,F M D E P M A A I P L V L L L E L L A Q Q,0.80413073,0.010948775,28.780952380952385,158.09523809523807,0.6666666666666666,0.4571428571428571,0.106589023868567,-2.001
134,E M G F L L V A G I F H L,0.88115925,0.084770985,2.7,150.0,0.6923076923076923,0.7138461538461538,0.2086471671870014,0.096
135,E M S A D L V D K L A S A F G K I L F A S L S G F,0.8732753,0.06586124,11.887999999999998,105.6,0.56,0.3328,0.3750398864123848,-0.002
139,C A A L L L R G L A S A H E T T G A M R R,0.81194603,0.070786744,26.20952380952381,98.09523809523807,0.5238095238095238,0.0223809523809524,0.2875267597482723,3.028
140,C V N D M G M F F A L Y E L,0.9223137,0.017380917,-1.4857142857142858,83.57142857142856,0.6428571428571429,0.4435714285714285,0.0804834499986848,-1.071
141,C F C E M G M F F A L S Y E L,0.8499246,0.024926718,4.306666666666667,58.66666666666666,0.6666666666666666,0.4906666666666666,0.1310378457720789,-1.137
143,C F C E M G M F F A L T Y E L,0.86765593,0.02470058,4.306666666666667,58.66666666666666,0.6666666666666666,0.4993333333333333,0.1385992594713377,-1.137
144,C F C E M G M F F R G R H,0.8249138,0.07286432,17.51538461538462,0.0,0.5384615384615384,0.0215384615384615,0.1086907418590116,1.961
146,D L H V L L,0.8142902,0.0033837478,8.333333333333334,243.3333333333333,0.6666666666666666,0.5166666666666667,0.2816150392348199,0.095
148,D A K G N I T T L L A S A G,0.90454495,0.057806205,28.542857142857137,105.0,0.4285714285714285,0.2114285714285714,0.2319354291206616,0.996
150,D A I A D L V A G I F H L,0.88007563,0.0742518,-3.830769230769232,165.3846153846154,0.6923076923076923,0.5723076923076924,0.4388572013008014,-0.904
151,D A H F L L,0.8082308,0.0038683692,-23.1,146.66666666666663,0.6666666666666666,0.4533333333333333,0.1871235209323627,0.095
156,Q M G A H G P V T E K T K A I A F S E L A F E T G M K,0.8206897,0.06764791,14.611111111111107,54.44444444444444,0.4074074074074074,0.1118518518518518,0.1312577690435466,1.098
159,M A L K L T P D K L A S A H E T T G A M R R,0.85081154,0.081897594,7.322727272727269,71.36363636363636,0.4090909090909091,-0.1231818181818181,0.2253816075624198,3.096
160,M A L M M G M I F A L S Y E L,0.8457477,0.043321658,10.613333333333332,117.33333333333331,0.7333333333333333,0.6346666666666666,0.1282230568127796,-0.004
161,M A L M M G M F F A L S Y E L,0.84971,0.041751143,10.613333333333332,91.33333333333331,0.7333333333333333,0.6213333333333334,0.1148966494919576,-0.004
162,M A K A D L V A G I,0.81819266,0.044716123,4.359999999999999,137.0,0.7,0.418,0.0564730495722202,0.996
163,M A K A D L V A G I F H L,0.87687105,0.0772711,5.661538461538462,135.3846153846154,0.6923076923076923,0.4676923076923077,0.1020592805621295,1.095
164,M A K A D L V A G I F H L M K,0.81759995,0.018887023,6.239999999999999,117.33333333333331,0.6666666666666666,0.348,0.1952421467004167,2.095
166,M A G F V W G A G I F H L,0.8695336,0.074387,-2.315384615384615,97.6923076923077,0.6153846153846154,0.7484615384615384,0.0612531489860687,1.095
167,M A G F V W G D K L A S A,0.88996965,0.062578745,-2.315384615384615,75.38461538461539,0.5384615384615384,0.3915384615384615,0.1692724492580314,0.996
168,M A G F V W G D K L A S A F G K I L F A S L S G F,0.82291543,0.0758003,4.508000000000001,90.0,0.56,0.4804,0.2626842537418163,1.996
169,M A A L L T P D K L A G K I L,0.8285192,0.06477667,2.7333333333333343,150.0,0.6,0.33,0.3006037553477326,1.996
170,M A A L K L,0.80219275,0.0031525344,0.5999999999999991,163.33333333333331,0.8333333333333334,0.43,0.2830436751213779,1.996
176,M E K K L T P D A L K L F,0.928121,0.020047624,-16.161538461538463,97.6923076923077,0.4615384615384615,-0.0238461538461538,0.4228079381923141,1.997
177,M E T K V W G D K L A S A F G K I L F A S L S G F,0.81677324,0.087137744,-3.8240000000000025,86.0,0.48,0.2968,0.245216192997453,1.997
178,M E T K V W S W D W H S T A Y R K Y D C,0.8170949,0.06853851,20.48,19.5,0.2,-0.1649999999999999,0.1205500533776167,1.028
180,M E T N G G G V I I S K T G E T T G A H R R,0.880942,0.00951891,14.272727272727272,53.18181818181819,0.2272727272727272,-0.09,0.1409100235407765,2.097
181,M E T N G G G V F A L S Y E L,0.8289614,0.024789467,0.7200000000000006,78.0,0.4,0.3313333333333332,0.1411072415905448,-1.002
184,M N F K L T P D K L A S A F G K I L F A S L S D R,0.89387417,0.012208121,-17.731999999999996,90.0,0.48,0.0932,0.1265449155951506,2.996
186,M N F H L G G G F N L L E L L A Q Q,0.817744,0.02339805,25.50555555555556,113.88888888888889,0.5,0.3444444444444445,0.226245146573247,0.096
187,M N F H L G G G F N L L,0.86223805,0.045760736,17.208333333333332,97.5,0.5,0.485,0.1956810284674414,1.095
188,M C K K L T P D K L A N L,0.8644034,0.030391512,-16.161538461538466,97.6923076923077,0.4615384615384615,-0.0969230769230769,0.1576240056885398,2.928
190,M C F E P M A A I P L V L L L,0.95587575,0.018349558,23.453333333333337,162.66666666666666,0.8,0.6939999999999998,0.0348049809272401,-0.07
191,M C P T W Q P S K G L A D G R G F R I F T I V Y I R L A L A A A L F P,0.93490064,0.012065642,15.574285714285711,100.57142857142856,0.5142857142857142,0.2619999999999999,0.0835655214968381,3.928
192,M C D T Y G E F A E A K A,0.82676786,0.04519671,0.1538461538461553,23.07692307692308,0.4615384615384615,0.0615384615384615,0.184768095760641,-1.069
193,M C D T Y G E F A E A K A L L F A K A L A,0.8547896,0.05829949,3.904761904761906,84.28571428571428,0.6190476190476191,0.2695238095238095,0.1964930930125054,-0.07
194,M C D T Y G E F A E A K I F I A K A L V I G A M T F T C,0.82399285,0.022121804,2.7428571428571438,83.92857142857142,0.6071428571428571,0.3803571428571427,0.1442519670092037,-0.137
195,M C D T Y G E F A E A K I F I A K Y D C,0.80658454,0.004335905,11.195,54.0,0.5,0.1474999999999999,0.1249400078429112,-1.137
196,M D K G N I T T L L A S A G,0.9015406,0.047094695,22.478571428571428,97.85714285714286,0.4285714285714285,0.2128571428571428,0.0675961531100287,0.996
199,M M K K L T P D K L L A D G R G F R I F T I V Y I R L A L A A A L F P,0.84341735,0.0061752163,-4.46857142857143,122.85714285714286,0.5714285714285714,0.2125714285714286,0.1755177967499863,4.995
200,M M A L F L,0.8481065,0.0019022487,24.1,146.66666666666663,1.0,0.8833333333333334,0.1840380361740514,0.996
201,M H L K L F I Q K L K A,0.8054801,0.07410755,28.599999999999994,138.33333333333331,0.5833333333333334,0.1174999999999999,0.3257931654227872,4.094
202,M H D T Y T P D K L A G K I L F A S L,0.8067251,0.023027075,15.536842105263156,92.6315789473684,0.4210526315789473,0.1663157894736842,0.1870497490795952,1.094
203,M W L P L G L A A F K,0.8739554,0.027397864,24.154545454545453,124.54545454545452,0.6363636363636364,0.5718181818181819,0.2376190410216152,1.996
205,Y D K G E G M F F A L Y E L,0.9132265,0.021249525,3.2999999999999976,62.85714285714285,0.4285714285714285,0.2471428571428571,0.2444737854120249,-1.003
206,Y D K G N I T T L L A S A F G K I L F A S L N L,0.80884176,0.03622307,28.09583333333333,126.25,0.5,0.3275,0.1724659130459392,1.995
207,Y D K G C G P T A L A S A F G K I L F A S L D N,0.8858039,0.021604782,13.325,81.66666666666666,0.4583333333333333,0.2375,0.1790431112611568,0.928
208,Y D K G M G M F F A L Y E L,0.91376764,0.021493284,8.685714285714283,62.85714285714285,0.5,0.3457142857142857,0.2401363838722316,-0.004
209,Y Q L P L G L A A F K,0.8572127,0.017504865,12.936363636363636,124.54545454545452,0.5454545454545454,0.3863636363636364,0.1401902879303253,1.995
210,Y Q L P L G L A A F K V I,0.88395965,0.042147122,5.953846153846156,157.69230769230768,0.6153846153846154,0.5192307692307694,0.1891441962589962,1.995
211,Y Q L P L G L A A F K V I L V L V Y,0.8283398,0.070197366,13.588888888888892,189.44444444444443,0.6666666666666666,0.633888888888889,0.1369100436396031,1.994
212,Y Q K G T G K W N G E G V L S N S S R C D C N E C R Y R,0.81407166,0.027708251,21.457142857142856,24.285714285714285,0.1785714285714285,-0.3692857142857143,0.0289348622271196,2.794
213,Y Q K G T G K W N G E G V L S N S K D V K N G E A Q R S S R C D C N E C R Y R,0.8861723,0.0010965682,22.966666666666665,27.43589743589743,0.1794871794871795,-0.4382051282051283,0.031885064290438,3.796
214,Y Q K G T G K W N G E G V L S N S G I L E Y D N Y C T N S R G C R,0.8065442,0.01874735,15.333333333333334,44.24242424242424,0.1818181818181818,-0.1587878787878787,0.0328530002394601,1.861
218,H L L F L,0.82023996,0.00023122254,8.0,234.0,0.8,0.82,0.0833511040075024,1.095
219,H L I L V T Y E W A L Y E L,0.8501867,0.08285331,-15.26428571428571,167.1428571428571,0.5,0.4942857142857143,0.1551790130235302,-0.904
223,W A L H I A L L Y W,0.8550971,0.041990627,27.54,176.0,0.6,0.7420000000000002,0.0834568692078584,1.094
224,W A A L F L,0.83696526,0.0023099103,-16.716666666666665,163.33333333333331,0.8333333333333334,0.9083333333333335,0.1980015161306149,0.996
228,G V F A P D I W S K G L A D G R G L F A S L S G F P A L L F A K A L,0.8941774,0.0088469535,16.99117647058824,106.47058823529412,0.5294117647058824,0.3891176470588235,0.1752796278594298,1.996
229,G V F A P D I W S K G L A D G R G F R I L E Y D N C R,0.8944588,0.06434478,19.374074074074077,75.92592592592592,0.3703703703703703,-0.0096296296296296,0.1969480846769634,0.93
230,G V F A P D I W S K G L A D G R G F R I L E Y D N Y C T N S R G C R,0.84330267,0.021009397,26.6264705882353,60.29411764705881,0.3235294117647059,-0.0805882352941176,0.1951457109918004,1.862
231,R T W T L L P R A,0.87152857,0.05514075,-11.488888888888884,97.77777777777776,0.3333333333333333,-0.1499999999999999,0.6789611375466406,2.996
232,R N F D Q A S K G,0.8877637,0.05330602,10.177777777777775,11.11111111111111,0.2222222222222222,-0.49,0.7036043394541591,1.996
233,S F S W V I S Q P M A M G K D D T L C D,0.8399637,0.014815689,24.785,58.5,0.4,0.138,0.0812703450267819,-1.07
234,P P H W N F R E W E G Y R D L T T Y W K S L F E,0.81939834,0.051175606,-5.879166666666666,32.49999999999999,0.1666666666666666,-0.1170833333333333,0.3100952248591725,0.098
235,P P H W N F R E W E G Y R D L T T Y W K S Y L F E,0.80756176,0.016295115,-5.244,31.2,0.16,-0.102,0.2229138195814354,0.097
236,P Q H W N L T P D K L A S A L L F A G L D D Q A G F E,0.8983979,0.078436464,11.185185185185183,87.03703703703704,0.4074074074074074,0.1607407407407407,0.1323623355468085,-1.903
237,P Q H W N F R E W E G Y R D L T T Y W K S L F E,0.8188276,0.054932214,-5.879166666666666,32.49999999999999,0.1666666666666666,-0.1575,0.3297034810090674,0.098
238,M M N F H L G G G K L A E,0.88366574,0.051513214,1.3769230769230765,67.6923076923077,0.4615384615384615,0.2553846153846154,0.2984000449909071,1.096
239,M M N F H L G G G K L A S A H E T T G A M R R,0.86490417,0.012037097,15.678260869565218,46.95652173913043,0.391304347826087,0.0,0.0557693199070662,3.195
240,M M N F H L G G G F N L L,0.89066094,0.060066253,14.43846153846154,90.0,0.5384615384615384,0.4969230769230768,0.1771436417217278,1.095
241,M M N F H L G G G D L A S A H E T T G A M R R,0.8664337,0.012524081,23.06086956521739,46.95652173913043,0.391304347826087,0.0260869565217391,0.0795570508184821,1.195
242,H D V H L K F C A V A A S I A V L,0.85460126,0.094070345,4.41764705882353,143.52941176470586,0.7058823529411765,0.4405882352941176,0.1461750700584264,1.126
243,W A F C E M G M F F A L S Y E L,0.8076415,0.032665834,-4.73125,61.25,0.625,0.53125,0.1008634923014857,-1.07
244,W A M K K L T P D K L A V K I L F A S L S G F P,0.8331547,0.031683438,0.8791666666666664,105.83333333333331,0.5,0.2508333333333333,0.1400755861425972,3.996
245,W A M K K L T P D K L A K A L L F A K A L A,0.82498187,0.083048545,-12.29090909090909,115.90909090909088,0.5909090909090909,0.1609090909090909,0.1465971540700426,4.995
246,W A M K K L T P D E L A G,0.8656251,0.07328228,-14.66153846153846,75.38461538461539,0.3846153846153846,0.0615384615384615,0.1068356251919904,0.997
247,W A M M K L T G G D L A S A H E T T G A I R R,0.8641569,0.015891569,13.591304347826084,68.26086956521738,0.391304347826087,0.0321739130434782,0.1999673299413261,2.096
248,W A M M K L T G G D L A S A H E T T G A M R R,0.8516831,0.013777828,10.31304347826087,51.30434782608695,0.391304347826087,-0.0008695652173913,0.1671028641536538,2.096
249,W Y D K G L T P D K L A V K I L F A S L S G F P,0.8090314,0.025928378,13.470833333333331,101.66666666666666,0.4166666666666667,0.2541666666666666,0.2640653923989941,1.995
250,W Y D K G M G M F F A L Y E L,0.87122923,0.028657714,8.77333333333333,58.66666666666666,0.4666666666666667,0.3766666666666667,0.2559750185031438,-0.004
